Regions-ID;Regionsname;plr_share
1;Aeugst am Albis;14.0377003566
2;Affoltern am Albis;10.8422745729
3;Bonstetten;12.6772259886
4;Hausen am Albis;9.5903386218
5;Hedingen;8.2209751476
6;Kappel am Albis;9.0456573979
7;Knonau;7.3455991124
8;Maschwanden;6.1888422925
9;Mettmenstetten;9.2976241592
10;Obfelden;11.0145044482
11;Ottenbach;15.4940184804
12;Rifferswil;6.5985585333
13;Stallikon;13.5621631379
14;Wettswil am Albis;18.4407470516
21;Adlikon;7.633673355
22;Benken (ZH);6.3036338595
23;Berg am Irchel;7.559441305
24;Buch am Irchel;9.4964736756
25;Dachsen;10.7654042893
26;Dorf;6.3887185776
27;Feuerthalen;7.2865606111
28;Flaach;7.2186110161
29;Flurlingen;12.6532797858
30;Andelfingen;11.2926638627
31;Henggart;8.6432668374
32;Humlikon;9.0857867305
33;Kleinandelfingen;9.3993494213
34;Laufen-Uhwiesen;11.4354847194
35;Marthalen;4.9549237171
36;Oberstammheim;19.1345086919
37;Ossingen;9.3060785368
38;Rheinau;6.9865067466
39;Thalheim an der Thur;8.6314308682
40;Trüllikon;5.4419767613
41;Truttikon;5.7761253486
42;Unterstammheim;14.8313027179
43;Volken;10.8101629914
44;Waltalingen;6.4032562295
51;Bachenbülach;11.60982009
52;Bassersdorf;11.188465588
53;Bülach;9.9004295197
54;Dietlikon;11.7347380574
55;Eglisau;8.7894056099
56;Embrach;9.3227310118
57;Freienstein-Teufen;7.5765827093
58;Glattfelden;5.6119445164
59;Hochfelden;6.6627491751
60;Höri;5.7277318641
61;Hüntwangen;8.2606819163
62;Kloten;7.9993559418
63;Lufingen;10.3648710866
64;Nürensdorf;12.9351082559
65;Oberembrach;7.627236167
66;Opfikon;10.2636614159
67;Rafz;6.5781735697
68;Rorbas;6.91922802
69;Wallisellen;15.1586526013
70;Wasterkingen;4.9651792623
71;Wil (ZH);9.5092874965
72;Winkel;15.061292199
81;Bachs;3.5323609845
82;Boppelsen;14.6903076099
83;Buchs (ZH);11.4383314591
84;Dällikon;9.5189736299
85;Dänikon;7.6141193864
86;Dielsdorf;9.3148509753
87;Hüttikon;8.9094378394
88;Neerach;12.1338238058
89;Niederglatt;9.9601210782
90;Niederhasli;7.7269348311
91;Niederweningen;10.3789792825
92;Oberglatt;8.6874062332
93;Oberweningen;8.9957388605
94;Otelfingen;8.9620877888
95;Regensberg;13.7636663172
96;Regensdorf;8.4755584939
97;Rümlang;5.9961054235
98;Schleinikon;5.2532833021
99;Schöfflisdorf;10.6896551724
100;Stadel;9.8154745592
101;Steinmaur;9.498627366
102;Weiach;9.6933285509
111;Bäretswil;7.0754136409
112;Bubikon;7.5973108589
113;Dürnten;8.3543819887
114;Fischenthal;4.8567476783
115;Gossau (ZH);9.735112562
116;Grüningen;9.5683200161
117;Hinwil;7.884380513
118;Rüti (ZH);8.4032848377
119;Seegräben;9.7956222034
120;Wald (ZH);8.6916868644
121;Wetzikon (ZH);9.2045509562
131;Adliswil;11.1027185328
132;Hirzel;8.7828870326
133;Horgen;14.2294346624
134;Hütten;6.4030335861
135;Kilchberg (ZH);26.1395479171
136;Langnau am Albis;15.6791437935
137;Oberrieden;16.8179059181
138;Richterswil;11.9714438421
139;Rüschlikon;22.8767035843
140;Schönenberg (ZH);10.6584393684
141;Thalwil;16.8420002439
142;Wädenswil;11.4424999558
151;Erlenbach (ZH);25.7975398577
152;Herrliberg;25.2706191966
153;Hombrechtikon;8.3239274435
154;Küsnacht (ZH);26.294874663
155;Männedorf;15.1086308122
156;Meilen;21.8494691808
157;Oetwil am See;8.4872471416
158;Stäfa;14.5517060188
159;Uetikon am See;16.143836495
160;Zumikon;31.1165820999
161;Zollikon;28.4003982145
171;Bauma;5.8173442651
172;Fehraltorf;10.8339112064
173;Hittnau;8.0587498577
174;Illnau-Effretikon;10.4518304492
175;Kyburg;5.8801213961
176;Lindau;11.018602836
177;Pfäffikon;9.8463886234
178;Russikon;10.8472023219
179;Sternenberg;3.2592592593
180;Weisslingen;9.4452361309
181;Wila;4.0102498398
182;Wildberg;6.6653105506
191;Dübendorf;8.9053869515
192;Egg;14.2155138414
193;Fällanden;14.7319294538
194;Greifensee;11.5921720222
195;Maur;16.8095079845
196;Mönchaltorf;9.5843474562
197;Schwerzenbach;10.9158691551
198;Uster;9.2335481323
199;Volketswil;9.324645354
200;Wangen-Brüttisellen;10.2775627946
211;Altikon;5.4381672598
212;Bertschikon;4.51066961
213;Brütten;14.6613784829
214;Dägerlen;4.6694648478
215;Dättlikon;10.855624771
216;Dinhard;9.3266164441
217;Elgg;9.2370566526
218;Ellikon an der Thur;6.3327116085
219;Elsau;11.1878285728
220;Hagenbuch;4.2190512919
221;Hettlingen;15.0134452514
222;Hofstetten (ZH);6.4981949458
223;Neftenbach;11.7690126803
224;Pfungen;7.8163442977
225;Rickenbach (ZH);11.7196200459
226;Schlatt (ZH);3.6844836533
227;Seuzach;14.3376254049
228;Turbenthal;6.1263309286
229;Wiesendangen;13.888
230;Winterthur;9.3255577811
231;Zell (ZH);8.3509219067
241;Aesch (ZH);15.3186588175
242;Birmensdorf (ZH);11.7828746177
243;Dietikon;8.3080469667
244;Geroldswil;18.1515636511
245;Oberengstringen;13.5824426295
246;Oetwil an der Limmat;20.288106192
247;Schlieren;10.8718800828
248;Uitikon;24.7750151176
249;Unterengstringen;17.849915683
250;Urdorf;9.5066278837
251;Weiningen (ZH);13.4852437215
261;Zürich;10.785728432
301;Aarberg;9.8467565959
302;Bargen (BE);4.4996576347
303;Grossaffoltern;8.0276466622
304;Kallnach;3.7147008655
305;Kappelen;4.2910766081
306;Lyss;11.1035542679
307;Meikirch;9.3893542286
308;Niederried bei Kallnach;1.7142857143
309;Radelfingen;4.7428661022
310;Rapperswil (BE);5.860725697
311;Schüpfen;5.6315388737
312;Seedorf (BE);4.4558975114
321;Aarwangen;10.8291032149
322;Auswil;3.2037590773
323;Bannwil;7.1343436063
324;Bleienbach;6.3813229572
325;Busswil bei Melchnau;4.1760215537
326;Gondiswil;5.6911630335
329;Langenthal;16.7326469237
331;Lotzwil;8.9554941821
332;Madiswil;6.9038686266
333;Melchnau;5.150362945
334;Obersteckholz;4.6340493238
335;Oeschenbach;1.0299625468
336;Reisiswil;1.343952215
337;Roggwil (BE);7.2191082444
338;Rohrbach;5.72426767
339;Rohrbachgraben;0.2506265664
340;Rütschelen;8.1746316924
341;Schwarzhäusern;5.2140077821
342;Thunstetten;11.2612254629
344;Ursenbach;3.7471836831
345;Wynau;9.2220421394
351;Bern;8.9708169442
352;Bolligen;15.6830490459
353;Bremgarten bei Bern;13.8528970741
354;Kirchlindach;13.1018153118
355;Köniz;9.5727086602
356;Muri bei Bern;20.6875004199
357;Oberbalm;2.3076151299
358;Stettlen;13.4540389972
359;Vechigen;9.8326468902
360;Wohlen bei Bern;10.9447143746
361;Zollikofen;11.8437143532
362;Ittigen;14.6440846501
363;Ostermundigen;8.6678032836
371;Biel/Bienne;8.7566636051
372;Evilard;16.8242321622
381;Arch;5.8105752469
382;Büetigen;6.7035245335
383;Büren an der Aare;9.525931512
385;Diessbach bei Büren;5.817677199
386;Dotzigen;4.5032604526
387;Lengnau (BE);10.8689222761
388;Leuzigen;12.693114629
390;Meinisberg;5.9484091464
391;Oberwil bei Büren;4.2638241173
392;Pieterlen;12.0976740194
393;Rüti bei Büren;2.2484756098
394;Wengi;5.8595641646
401;Aefligen;4.7652347652
402;Alchenstorf;2.1988377572
403;Bäriswil;5.8041329739
404;Burgdorf;9.6367326941
405;Ersigen;8.1872909699
406;Hasle bei Burgdorf;5.5161907461
407;Heimiswil;2.7414566357
409;Hindelbank;5.9594448171
410;Höchstetten;3.6321303842
411;Kernenried;5.1567763669
412;Kirchberg (BE);10.1396605526
413;Koppigen;9.0042425755
414;Krauchthal;7.6305913816
415;Lyssach;6.0267100536
416;Mötschwil;5.3533190578
418;Oberburg;4.3932794026
420;Rüdtligen-Alchenflüh;6.6020415657
421;Rumendingen;2.972027972
423;Willadingen;5.0440352282
424;Wynigen;6.7159812772
431;Corgémont;10.503428667
432;Cormoret;4.135062393
433;Cortébert;7.929991357
434;Courtelary;9.3247164337
435;La Ferrière;8.3800725833
436;La Heutte;5.9316569955
437;Mont-Tramelan;1.1815920398
438;Orvin;7.5455650061
439;Péry;9.3627264665
440;Plagne;8.6891942072
441;Renan (BE);10.4760250174
442;Romont (BE);4.6721929164
443;Saint-Imier;18.2134669271
444;Sonceboz-Sombeval;7.0885555784
445;Sonvilier;6.4783244033
446;Tramelan;8.7068132399
447;Vauffelin;9.0207232832
448;Villeret;11.0640460861
491;Brüttelen;4.183927092
492;Erlach;12.2112707847
493;Finsterhennen;2.9146247098
494;Gals;5.3941908714
495;Gampelen;4.4973544974
496;Ins;7.9119702789
497;Lüscherz;5.2989130435
498;Müntschemier;7.0841121495
499;Siselen;5.8404558405
500;Treiten;4.4242298946
501;Tschugg;6.4141414141
502;Vinelz;6.5588808623
532;Bangerten;5.4778554779
533;Bätterkinden;6.5606491934
534;Büren zum Hof;4.6788990826
536;Diemerswil;10.1872659176
537;Etzelkofen;4.6539379475
538;Fraubrunnen;7.8995654273
539;Grafenried;5.9745179063
540;Jegenstorf;10.408357075
541;Iffwil;5.8366461872
542;Limpach;3.3958163543
543;Mattstetten;9.9685354691
544;Moosseedorf;6.9287452903
545;Mülchi;2.0291693088
546;Münchenbuchsee;7.6485036734
547;Münchringen;8.9409608588
548;Ruppoldsried;3.6736898974
549;Schalunen;5.7488207547
550;Scheunen;0,0
551;Urtenen-Schönbühl;7.811174542
552;Utzenstorf;6.7637316077
553;Wiggiswil;2.4521072797
554;Wiler bei Utzenstorf;4.8226950355
555;Zauggenried;2.3932729625
556;Zielebach;5.3846153846
557;Zuzwil (BE);6.5451997197
561;Adelboden;4.9396163865
562;Aeschi bei Spiez;6.3558611437
563;Frutigen;6.1231442536
564;Kandergrund;2.4482951369
565;Kandersteg;6.645855582
566;Krattigen;4.2662874411
567;Reichenbach im Kandertal;5.9781240384
571;Beatenberg;4.1996500292
572;Bönigen;7.7471783296
573;Brienz (BE);12.3404255319
574;Brienzwiler;4.9374441466
575;Därligen;5.7831325301
576;Grindelwald;8.841308973
577;Gsteigwiler;6.5054413543
578;Gündlischwand;8.9649551752
579;Habkern;2.6243932039
580;Hofstetten bei Brienz;7.7676696991
581;Interlaken;11.859002943
582;Iseltwald;4.4513751063
584;Lauterbrunnen;14.29963723
585;Leissigen;9.1292758774
586;Lütschental;3.9865513929
587;Matten bei Interlaken;9.1678509395
588;Niederried bei Interlaken;6.7054396168
589;Oberried am Brienzersee;7.2603383459
590;Ringgenberg (BE);6.1935483871
591;Saxeten;6.9230769231
592;Schwanden bei Brienz;11.6966379984
593;Unterseen;9.9292252524
594;Wilderswil;9.738417901
602;Arni (BE);4.1147921502
603;Biglen;7.4887322316
604;Bleiken bei Oberdiessbach;4.3826830572
605;Bowil;3.3776223776
606;Brenzikofen;5.2518372468
607;Freimettigen;5.0356294537
608;Grosshöchstetten;11.1834457103
609;Häutligen;2.6735661923
610;Herbligen;5.8552505279
611;Kiesen;6.5730216599
612;Konolfingen;7.0735007362
613;Landiswil;0.9187082405
614;Linden;2.4752475248
615;Mirchel;3.4944237918
616;Münsingen;8.871241018
617;Niederhünigen;6.3187630092
619;Oberdiessbach;11.2868733883
620;Oberthal;3.7041625372
622;Oppligen;3.4967374937
623;Rubigen;8.21908801
624;Schlosswil;7.9514080618
625;Tägertschi;3.8866396761
626;Walkringen;3.5244664798
627;Worb;11.3409732241
628;Zäziwil;4.8975512244
629;Oberhünigen;2.015503876
630;Allmendingen;12.2812451603
631;Trimstein;5.3047929269
632;Wichtrach;8.8248469464
662;Ferenbalm;6.6579534097
663;Frauenkappelen;8.3468995116
664;Golaten;6.6333333333
665;Gurbrü;6.0839160839
666;Kriechenwil;8.1632653061
667;Laupen;7.9486030181
668;Mühleberg;8.9892574826
669;Münchenwiler;10.1668520578
670;Neuenegg;7.3800818793
671;Wileroltigen;5.5258467023
681;Belprahon;11.13243762
682;Bévilard;7.8893526475
683;Champoz;6.6826923077
684;Châtelat;0.0801282051
687;Corcelles (BE);1.0011123471
690;Court;8.124202467
691;Crémines;5.6084944187
692;Eschert;8.6538461538
694;Grandval;2.5515947467
696;Loveresse;4.3948378096
697;Malleray;11.2060998152
699;Monible;5.2631578947
700;Moutier;6.0364725208
701;Perrefitte;1.2585812357
702;Pontenet;3.8112522686
703;Reconvilier;8.063002681
704;Roches (BE);1.7554125219
706;Saicourt;1.9965277778
707;Saules (BE);5.2687038988
708;Schelten;5.0847457627
709;Seehof;0,0
710;Sornetan;3.1171019377
711;Sorvilier;1.3876040703
712;Souboz;2.0557029178
713;Tavannes;6.865557468
715;Rebévelier;0.3344481605
721;Diesse;11.4381067961
722;Lamboing;15.5477759473
723;La Neuveville;19.1655649739
724;Nods;13.8900458142
725;Prêles;11.570618095
731;Aegerten;7.9035052646
732;Bellmund;16.6372260386
733;Brügg;8.7048074521
734;Bühl;6.5999089668
735;Epsach;2.8336158876
736;Hagneck;6.9784172662
737;Hermrigen;4.9450549451
738;Jens;5.454777721
739;Ipsach;12.459912728
740;Ligerz;12.0802442215
741;Merzligen;10.5824621293
742;Mörigen;18.5024065161
743;Nidau;13.6513638832
744;Orpund;6.4561032977
745;Port;13.5373674519
746;Safnern;5.8813847589
747;Scheuren;1.4177909902
748;Schwadernau;5.432232449
749;Studen (BE);8.3068974894
750;Sutz-Lattrigen;8.4535315985
751;Täuffelen;10.2207754267
754;Walperswil;2.6068134764
755;Worben;6.8424141641
756;Twann-Tüscherz;14.7762254322
761;Därstetten;2.5534373195
762;Diemtigen;3.0267062315
763;Erlenbach im Simmental;3.6690732631
764;Niederstocken;1.2741172188
765;Oberstocken;5.0958188153
766;Oberwil im Simmental;1.6481164384
767;Reutigen;3.2269793655
768;Spiez;8.1401339516
769;Wimmis;4.3177224444
781;Gadmen;7.4198988196
782;Guttannen;5.0632911392
783;Hasliberg;5.4955045964
784;Innertkirchen;6.6268729443
785;Meiringen;8.5100906096
786;Schattenhalb;4.915454188
791;Boltigen;2.9561671764
792;Lenk;8.8112978687
793;St. Stephan;3.6437246964
794;Zweisimmen;7.6339643584
841;Gsteig;3.0757185997
842;Lauenen;3.7883959044
843;Saanen;11.1960345379
852;Guggisberg;1.8726831139
853;Rüschegg;6.3296675831
855;Schwarzenburg;5.6838043038
861;Belp;7.9199810513
862;Belpberg;2.3373341756
863;Burgistein;4.9514827242
865;Gelterfingen;1.5674984005
866;Gerzensee;6.7604590892
867;Gurzelen;4.2963140258
869;Kaufdorf;6.3894606834
870;Kehrsatz;10.5378151261
872;Kirchdorf (BE);4.6542641862
873;Kirchenthurnen;6.7447639333
874;Lohnstorf;3.6328871893
875;Mühledorf (BE);7.7935222672
876;Mühlethurnen;6.6838487973
879;Riggisberg;6.7045651797
880;Rüeggisberg;3.0336458908
881;Rümligen;2.748029905
883;Seftigen;5.1799272205
884;Toffen;6.1069306931
885;Uttigen;5.9502496938
886;Wattenwil;4.6225863078
888;Wald (BE);6.1761727978
901;Eggiwil;2.0815615762
902;Langnau im Emmental;6.3937647952
903;Lauperswil;2.9706317346
904;Röthenbach im Emmental;2.137439669
905;Rüderswil;4.0057356955
906;Schangnau;2.5553356127
907;Signau;4.4982437587
908;Trub;1.7394317394
909;Trubschachen;2.8190122752
921;Amsoldingen;3.8452295121
922;Blumenstein;4.2613399917
923;Buchholterberg;3.3955356088
924;Eriz;1.3634068339
925;Fahrni;3.9411206078
927;Heiligenschwendi;3.1823287158
928;Heimberg;6.0017949293
929;Hilterfingen;12.990648122
930;Höfen;2.7345486883
931;Homberg;0.8086717137
932;Horrenbach-Buchen;2.0546093539
934;Oberhofen am Thunersee;16.812885079
935;Oberlangenegg;0.8809811712
936;Pohlern;3.839869281
937;Schwendibach;2.8772164604
938;Sigriswil;6.0480963369
939;Steffisburg;7.9897331271
940;Teuffenthal (BE);1.3122171946
941;Thierachern;4.242215427
942;Thun;8.4684478755
943;Uebeschi;2.7027027027
944;Uetendorf;5.0169943569
945;Unterlangenegg;3.1636562671
946;Wachseldorn;0.3105590062
947;Zwieselberg;2.3354564756
948;Forst-Längenbühl;4.2912137681
951;Affoltern im Emmental;5.1180785041
952;Dürrenroth;1.9636496484
953;Eriswil;3.086797066
954;Huttwil;7.6077376258
955;Lützelflüh;5.5644619124
956;Rüegsau;5.7874321179
957;Sumiswald;6.7720776682
958;Trachselwald;2.2630980676
959;Walterswil (BE);2.0184741704
960;Wyssachen;3.1110402042
971;Attiswil;9.1639634326
972;Berken;2.849002849
973;Bettenhausen;5.3407510431
975;Farnern;6.3506261181
976;Graben;7.6581196581
977;Heimenhausen;6.1542963035
978;Hermiswil;6.4687975647
979;Herzogenbuchsee;12.079878152
980;Inkwil;8.0159433127
981;Niederbipp;15.1329628583
982;Niederönz;9.9548104002
983;Oberbipp;12.0141065831
985;Ochlenberg;2.3022751896
987;Rumisberg;8.5437936593
988;Seeberg;3.6603314776
989;Thörigen;7.6501717575
990;Walliswil bei Niederbipp;7.9312257349
991;Walliswil bei Wangen;6.6386722655
992;Wangen an der Aare;15.7546337158
993;Wangenried;7.83847981
995;Wiedlisbach;8.8340047878
996;Wolfisberg;5.9299191375
1001;Doppleschwand;9.1537132988
1002;Entlebuch;17.391629857
1003;Escholzmatt;11.7429210709
1004;Flühli;19.2327107521
1005;Hasle (LU);9.5201138274
1006;Marbach (LU);17.1093606888
1007;Romoos;10.2024507192
1008;Schüpfheim;12.4198058891
1009;Werthenstein;12.8215598203
1021;Aesch (LU);14.2245072836
1022;Altwis;15,0
1023;Ballwil;13.4349329875
1024;Emmen;16.8357345116
1025;Ermensee;21.8689162881
1026;Eschenbach (LU);17.5141658695
1030;Hitzkirch;16.0759571968
1031;Hochdorf;16.3894212342
1032;Hohenrain;9.7650852142
1033;Inwil;23.3230531997
1037;Rain;24.7049989273
1039;Römerswil;11.2037598545
1040;Rothenburg;15.0987770461
1041;Schongau;12.2361578464
1051;Adligenswil;17.7064482332
1052;Buchrain;20.7270143864
1053;Dierikon;11.2338362069
1054;Ebikon;15.1273840224
1055;Gisikon;16.8886198547
1056;Greppen;18.9675174014
1057;Honau;14.1197497766
1058;Horw;18.5065778086
1059;Kriens;16.3303147393
1061;Luzern;15.6960730955
1062;Malters;26.6284293278
1063;Meggen;28.8355893864
1064;Meierskappel;15.5357550834
1065;Root;18.6513629842
1066;Schwarzenberg;26.6676660171
1067;Udligenswil;25.9687362395
1068;Vitznau;18.4883088635
1069;Weggis;22.8221693302
1081;Beromünster;17.2180494238
1082;Büron;29.4108203564
1083;Buttisholz;14.2748735245
1084;Eich;23.930519667
1085;Geuensee;17.212863706
1086;Grosswangen;31.9715362076
1088;Hildisrieden;18.5326345879
1089;Knutwil;20.6037251124
1091;Mauensee;17.3241494469
1092;Neudorf;28.7311115711
1093;Neuenkirch;22.3184316778
1094;Nottwil;18.427002584
1095;Oberkirch;24.9891067538
1096;Pfeffikon;23.9226519337
1097;Rickenbach (LU);23.5736925515
1098;Ruswil;14.27719599
1099;Schenkon;24.9176005274
1100;Schlierbach;32.298136646
1102;Sempach;21.0098829944
1103;Sursee;19.8835647112
1104;Triengen;26.1986930024
1107;Wolhusen;15.5448717949
1121;Alberswil;24.2777496199
1122;Altbüron;25.4616384915
1123;Altishofen;12.7208480565
1125;Dagmersellen;21.6053393184
1126;Ebersecken;22.9417670683
1127;Egolzwil;22.8619107217
1128;Ettiswil;27.0261713803
1129;Fischbach;10.9830752611
1130;Gettnau;20.4052913031
1131;Grossdietwil;17.1933085502
1132;Hergiswil bei Willisau;14.8284140658
1135;Luthern;10.7800650054
1136;Menznau;16.267498735
1137;Nebikon;31.6524144869
1138;Ohmstal;11.59969674
1139;Pfaffnau;14.0046000511
1140;Reiden;22.3124042879
1142;Roggliswil;25.6151142355
1143;Schötz;18.8428010346
1145;Ufhusen;16.0197165742
1146;Wauwil;18.931385739
1147;Wikon;15.4430981231
1150;Zell (LU);22.6016260163
1151;Willisau;24.088024757
1201;Altdorf (UR);70.0256739409
1202;Andermatt;83.2183908046
1203;Attinghausen;82.7586206897
1204;Bauen;68.3333333333
1205;Bürglen (UR);67.9028132992
1206;Erstfeld;63.7668918919
1207;Flüelen;79.5454545455
1208;Göschenen;87.7906976744
1209;Gurtnellen;81.8181818182
1210;Hospental;84.126984127
1211;Isenthal;74.3902439024
1212;Realp;92.1052631579
1213;Schattdorf;80.0465386853
1214;Seedorf (UR);76.6723842196
1215;Seelisberg;74.011299435
1216;Silenen;80.9615384615
1217;Sisikon;70.4081632653
1218;Spiringen;80.8510638298
1219;Unterschächen;87.5457875458
1220;Wassen;80,0
1301;Einsiedeln;6.9840031213
1311;Gersau;22.4446786091
1321;Feusisberg;18.0210245286
1322;Freienbach;17.6978191517
1323;Wollerau;22.5615555321
1331;Küssnacht (SZ);24.2267724282
1341;Altendorf;15.7840748814
1342;Galgenen;18.8949884895
1343;Innerthal;10.3658536585
1344;Lachen;17.6714219972
1345;Reichenburg;11.3991255465
1346;Schübelbach;12.8454452405
1347;Tuggen;15.1595744681
1348;Vorderthal;8.3333333333
1349;Wangen (SZ);13.7583892617
1361;Alpthal;4.6004842615
1362;Arth;13.8601036269
1363;Illgau;3.4970857619
1364;Ingenbohl;19.9715051961
1365;Lauerz;16.7671893848
1366;Morschach;8.855799373
1367;Muotathal;8.1920903955
1368;Oberiberg;7.2142857143
1369;Riemenstalden;10,0
1370;Rothenthurm;9.7737272156
1371;Sattel;10.8167770419
1372;Schwyz;16.7869604703
1373;Steinen;13.9404402244
1374;Steinerberg;8.7761674718
1375;Unteriberg;5.0219711237
1401;Alpnach;*
1402;Engelberg;*
1403;Giswil;*
1404;Kerns;*
1405;Lungern;*
1406;Sachseln;*
1407;Sarnen;*
1501;Beckenried;34.08929837
1502;Buochs;37.9972565158
1503;Dallenwil;27.4534161491
1504;Emmetten;29.5833333333
1505;Ennetbürgen;49.8811222064
1506;Ennetmoos;27.2514619883
1507;Hergiswil (NW);35.9712230216
1508;Oberdorf (NW);29.8793470546
1509;Stans;31.1370262391
1510;Stansstad;37.8061767838
1511;Wolfenschiessen;29.6996662959
1630;Glarus Nord;*
1631;Glarus Süd;*
1632;Glarus;*
1701;Baar;17.9599377674
1702;Cham;16.5301305193
1703;Hünenberg;20.158141351
1704;Menzingen;19.385652744
1705;Neuheim;20.5964585275
1706;Oberägeri;15.5940995299
1707;Risch;18.269008551
1708;Steinhausen;19.7265187178
1709;Unterägeri;20.433723762
1710;Walchwil;17.5215982721
1711;Zug;21.8546099291
2004;Bussy (FR);13.7180700095
2005;Châbles;12.5546533417
2008;Châtillon (FR);9.9019607843
2009;Cheiry;7.0645554202
2010;Cheyres;10.1777059774
2011;Cugy (FR);16.24928856
2013;Domdidier;27.0939420544
2014;Dompierre (FR);14.4115292234
2015;Estavayer-le-Lac;13.2993713419
2016;Fétigny;10.1047443007
2017;Font;4.189435337
2022;Gletterens;11.7586912065
2024;Léchelles;9.0313182811
2025;Lully (FR);8.1003289474
2027;Ménières;12.1642969984
2029;Montagny (FR);9.7306084533
2033;Morens (FR);15.1658767773
2034;Murist;17.1197648788
2035;Nuvilly;13.5198135198
2038;Prévondavaux;14.1935483871
2039;Rueyres-les-Prés;11.2734864301
2040;Russy;9.2657342657
2041;Saint-Aubin (FR);18.7765783448
2043;Sévaz;11.3402061856
2044;Surpierre;12.6740947075
2045;Vallon;11.9929453263
2047;Villeneuve (FR);6.2602965404
2049;Vuissens;15.1927437642
2050;Les Montets;18.8073394495
2051;Delley-Portalban;11.4434330299
2052;Vernay;15.5068728522
2061;Auboranges;9.3457943925
2063;Billens-Hennens;10.6569343066
2066;Chapelle (Glâne);8.1991215227
2067;Le Châtelard;22.3076923077
2068;Châtonnaye;21.1902113459
2072;Ecublens (FR);7.9779917469
2079;Grangettes;14.2857142857
2086;Massonnens;14.9918962723
2087;Mézières (FR);14.2042963612
2089;Montet (Glâne);6.8965517241
2096;Romont (FR);12.8997867804
2097;Rue;7.7974870658
2099;Siviriez;15.2604048215
2102;Ursy;6.8244697203
2111;Villaz-Saint-Pierre;13.0091984231
2112;Vuarmarens;7.7651515152
2113;Vuisternens-devant-Romont;13.7154792295
2114;Villorsonnens;13.1376659679
2115;Torny;17.8380998546
2116;La Folliaz;14.1843971631
2121;Haut-Intyamon;11.4198473282
2122;Pont-en-Ogoz;16.1481900452
2123;Botterens;10.4651162791
2124;Broc;16.8089777995
2125;Bulle;18.1651616281
2126;Cerniat (FR);16.9203222919
2127;Charmey;21.6198704104
2128;Châtel-sur-Montsalvens;10.094637224
2129;Corbières;10.4735376045
2130;Crésuz;10.9517601043
2131;Echarlens;21.3924050633
2134;Grandvillard;19.8964922369
2135;Gruyères;15.6111929308
2137;Hauteville;15,0
2138;Jaun;11.2155020552
2140;Marsens;16.1529680365
2143;Morlon;22.5830258303
2145;Le Pâquier (FR);13.2830188679
2147;Pont-la-Ville;11.3149847095
2148;Riaz;19.8211949411
2149;La Roche;17.5702811245
2152;Sâles;14.5038167939
2153;Sorens;32.0369657297
2155;Vaulruz;18.5855972402
2160;Vuadens;16.368286445
2162;Bas-Intyamon;12.2226704316
2171;Arconciel;11.3317757009
2172;Autafond;23.3333333333
2173;Autigny;8.7216248507
2174;Avry;18.9568706118
2175;Belfaux;6.8247248095
2177;Chénens;12.6926563917
2179;Chésopelloz;10.0917431193
2183;Corminboeuf;10.1394169835
2184;Corpataux-Magnedens;8.8198236035
2185;Corserey;11.0091743119
2186;Cottens (FR);13.2480396203
2189;Ependes (FR);12.3162495034
2192;Farvagny;18.9038919778
2194;Ferpicloz;13.0890052356
2196;Fribourg;7.4369046146
2197;Givisiez;10.9684947491
2198;Granges-Paccot;8.438463695
2200;Grolley;11.6788321168
2206;Marly;9.60941951
2208;Matran;17.4800637959
2211;Neyruz (FR);10.7751277683
2213;Noréaz;14.7662018048
2216;Pierrafortscha;17.6470588235
2217;Ponthaux;8.3074534161
2220;Le Mouret;12.9297820823
2221;Prez-vers-Noréaz;9.9644128114
2222;Rossens (FR);11.2106238419
2223;Le Glèbe;9.6068249258
2225;Senèdes;14.6464646465
2226;Treyvaux;23.4413965087
2228;Villars-sur-Glâne;12.5413164605
2230;Villarsel-sur-Marly;20,0
2231;Vuisternens-en-Ogoz;8.2904884319
2233;Hauterive (FR);10.7288755106
2234;La Brillaz;14.6421716479
2235;La Sonnaz;10.2023957043
2243;Barberêche;9.1844232182
2244;Büchslen;13.3466135458
2250;Courgevaux;15.3876898481
2251;Courlevon;11.051930759
2254;Courtepin;9.1346153846
2257;Cressier (FR);10.9042553191
2258;Fräschels;12.6826029216
2259;Galmiz;18.0041870202
2260;Gempenach;7.6807228916
2261;Greng;15.6370656371
2262;Gurmels;8.3209848398
2264;Jeuss;19.33560477
2265;Kerzers;15.8370044053
2266;Kleinbösingen;8.2211197732
2270;Lurtigen;15.6739811912
2271;Meyriez;24.2577030812
2272;Misery-Courtion;6.986100951
2274;Muntelier;21.6871967152
2275;Murten;21.9245489338
2276;Ried bei Kerzers;28.2051282051
2277;Salvenach;15.4121863799
2278;Ulmiz;11.1753371869
2279;Villarepos;14.5701357466
2280;Bas-Vully;21.1542883421
2281;Haut-Vully;23.1106525664
2283;Wallenried;13.2701421801
2291;Alterswil;9.8256141009
2292;Brünisried;11.2531969309
2293;Düdingen;10.8294442087
2294;Giffers;29.861878453
2295;Bösingen;9.0845317432
2296;Heitenried;10.0202136876
2298;Oberschrot;9.9249374479
2299;Plaffeien;11.7330725984
2300;Plasselb;12.5281658405
2301;Rechthalten;6.6258552395
2302;St. Antoni;10.603588907
2303;St. Silvester;19.5586326266
2304;St. Ursen;11.4609929078
2305;Schmitten (FR);6.7257184056
2306;Tafers;6.9649988255
2307;Tentlingen;18.2795698925
2308;Ueberstorf;7.2986457591
2309;Wünnewil-Flamatt;8.6092085236
2310;Zumholz;14.3139190523
2321;Attalens;7.0832524743
2323;Bossonnens;5.05
2325;Châtel-Saint-Denis;10.3894820087
2328;Granges (Veveyse);11.3218070273
2333;Remaufens;4.76649013
2335;Saint-Martin (FR);11.4697120159
2336;Semsales;18.6686500558
2337;Le Flon;10.046728972
2338;La Verrerie;12.1783876501
2401;Egerkingen;23.4719205709
2402;Härkingen;16.804180418
2403;Kestenholz;17.9200331469
2404;Neuendorf;19.8761370234
2405;Niederbuchsiten;17.7419354839
2406;Oberbuchsiten;18.0841335162
2407;Oensingen;18.053192442
2408;Wolfwil;32.803539243
2421;Aedermannsdorf;12.8745837958
2422;Balsthal;16.9715048277
2423;Gänsbrunnen;32.1428571429
2424;Herbetswil;16.4942528736
2425;Holderbank (SO);15.8647594278
2426;Laupersdorf;11.9008603032
2427;Matzendorf;18.124207858
2428;Mümliswil-Ramiswil;11.5100836203
2429;Welschenrohr;19.4061187762
2441;Aetigkofen;30.9982486865
2442;Aetingen;31.5852205006
2444;Bibern (SO);25.1121076233
2445;Biezwil;31.5621679065
2446;Brügglen;27.8335724534
2449;Gossliwil;27.479338843
2450;Hessigkofen;24.3055555556
2452;Küttigkofen;23.4093637455
2453;Kyburg-Buchegg;24.1721854305
2454;Lüsslingen;20.6834532374
2455;Lüterkofen-Ichertswil;33.9420935412
2456;Lüterswil-Gächliwil;26.5374894693
2457;Messen;32.8529610448
2458;Mühledorf (SO);35.8371040724
2459;Nennigkofen;30.9491059147
2461;Schnottwil;27.6528460998
2462;Tscheppach;20.5685618729
2463;Unterramsern;33.9436619718
2471;Bättwil;9.1889559965
2472;Büren (SO);14.4300727567
2473;Dornach;11.1853800754
2474;Gempen;16.2601626016
2475;Hochwald;15.8426966292
2476;Hofstetten-Flüh;16.7830325385
2477;Metzerlen-Mariastein;10.2814258912
2478;Nuglar-St. Pantaleon;13.7567498071
2479;Rodersdorf;12.2227822581
2480;Seewen;21.875
2481;Witterswil;12.6284875184
2491;Hauenstein-Ifenthal;14.4527098831
2492;Kienberg;17.7510608204
2493;Lostorf;20.9421215994
2495;Niedergösgen;17.4437299035
2497;Obergösgen;15.6275976725
2498;Rohr (SO);15.6976744186
2499;Stüsslingen;23.8282431207
2500;Trimbach;11.2356453836
2501;Winznau;12.733060482
2502;Wisen (SO);12.3385939742
2503;Erlinsbach (SO);11.2936083524
2511;Aeschi (SO);12.8328521014
2513;Biberist;17.4798986673
2514;Bolken;13.8518518519
2516;Deitingen;20.0337475073
2517;Derendingen;17.2882805817
2518;Etziken;18.6509732911
2519;Gerlafingen;15.6433662623
2520;Halten;12.7708978328
2521;Heinrichswil-Winistorf;11.5712545676
2522;Hersiwil;15.7342657343
2523;Horriwil;15.4232701971
2524;Hüniken;28.391959799
2525;Kriegstetten;16.43346234
2526;Lohn-Ammannsegg;28.0428769018
2527;Luterbach;13.7615797172
2528;Obergerlafingen;18.9800742992
2529;Oekingen;14.7459165154
2530;Recherswil;13.9326334208
2531;Steinhof;17.0842824601
2532;Subingen;18.4222255237
2534;Zuchwil;16.2015330803
2541;Balm bei Günsberg;9.375
2542;Bellach;18.3829481068
2543;Bettlach;17.3756853848
2544;Feldbrunnen-St. Niklaus;31.786102063
2545;Flumenthal;16.5487421384
2546;Grenchen;14.2013317105
2547;Günsberg;18.1208053691
2548;Hubersdorf;18,0
2549;Kammersrohr;56,0
2550;Langendorf;21.192893401
2551;Lommiswil;17.0658036677
2553;Oberdorf (SO);22.5275752477
2554;Riedholz;22.0691916708
2555;Rüttenen;16.5168100078
2556;Selzach;17.7056050288
2571;Boningen;20.6739006282
2572;Däniken;18.5185185185
2573;Dulliken;11.130576968
2574;Eppenberg-Wöschnau;17.2268907563
2575;Fulenbach;15.8633598503
2576;Gretzenbach;16.888339004
2578;Gunzgen;15.320855615
2579;Hägendorf;17.7618258789
2580;Kappel (SO);16.5173724213
2581;Olten;15.5709164066
2582;Rickenbach (SO);19.8598130841
2583;Schönenwerd;21.4737847844
2584;Starrkirch-Wil;22.4248927039
2585;Walterswil (SO);17.9487179487
2586;Wangen bei Olten;19.6995147443
2601;Solothurn;21.6876522689
2611;Bärschwil;18.043202033
2612;Beinwil (SO);48.2477587612
2613;Breitenbach;28.910315274
2614;Büsserach;32.3811600523
2615;Erschwil;32.8199486615
2616;Fehren;22.2222222222
2617;Grindel;21.3787085515
2618;Himmelried;14.2671292281
2619;Kleinlützel;20.5350938151
2620;Meltingen;35.6701030928
2621;Nunningen;27.9843846312
2622;Zullwil;23.9898989899
2701;Basel;11.6490313031
2702;Bettingen;27.6536312849
2703;Riehen;15.7124148769
2761;Aesch (BL);10.3802019988
2762;Allschwil;9.7411235035
2763;Arlesheim;18.4582280849
2764;Biel-Benken;14.0764115857
2765;Binningen;15.2808609886
2766;Birsfelden;5.5315614618
2767;Bottmingen;18.5809312639
2768;Ettingen;10.3693636073
2769;Münchenstein;9.6877246226
2770;Muttenz;8.7934243176
2771;Oberwil (BL);15.2188991799
2772;Pfeffingen;14.9185255498
2773;Reinach (BL);9.8602765511
2774;Schönenbuch;12.6155519304
2775;Therwil;12.5774862995
2781;Blauen;6.5573770492
2782;Brislach;11.0075713454
2783;Burg im Leimental;9.1407678245
2784;Dittingen;4.7147846333
2785;Duggingen;19.8914431673
2786;Grellingen;10.2393214178
2787;Laufen;14.8073763009
2788;Liesberg;7.3201782304
2789;Nenzlingen;11.396011396
2790;Roggenburg;2.7419354839
2791;Röschenz;10.241210139
2792;Wahlen;9.6666666667
2793;Zwingen;10.9100310238
2821;Arisdorf;11.3630371737
2822;Augst;7.8247261346
2823;Bubendorf;9.8024938564
2824;Frenkendorf;10.7574571702
2825;Füllinsdorf;16.2469080279
2826;Giebenach;7.6488706366
2827;Hersberg;7.9794079794
2828;Lausen;8.643457383
2829;Liestal;13.117851815
2830;Lupsingen;12.7504553734
2831;Pratteln;10.205201824
2832;Ramlinsburg;12.3911930364
2833;Seltisberg;14.6081048289
2834;Ziefen;5.0907376856
2841;Anwil;9.2363636364
2842;Böckten;9.7333897588
2843;Buckten;11.6768123962
2844;Buus;6.9592724397
2845;Diepflingen;10.8774474257
2846;Gelterkinden;9.581046342
2847;Häfelfingen;10.8949416342
2848;Hemmiken;4.7748976808
2849;Itingen;9.2402902262
2850;Känerkinden;8.6807928913
2851;Kilchberg (BL);11.0701107011
2852;Läufelfingen;10.9913793103
2853;Maisprach;7.3199527745
2854;Nusshof;9.0733590734
2855;Oltingen;9.8674521355
2856;Ormalingen;9.2891591529
2857;Rickenbach (BL);7.8096400244
2858;Rothenfluh;7.6845806128
2859;Rümlingen;10.6412005457
2860;Rünenberg;13.3147853736
2861;Sissach;14.0440472391
2862;Tecknau;7.2053872054
2863;Tenniken;7.7074321667
2864;Thürnen;20.310124658
2865;Wenslingen;6.3801506424
2866;Wintersingen;12.1575342466
2867;Wittinsburg;14.7887323944
2868;Zeglingen;11.6022099448
2869;Zunzgen;10.043889264
2881;Arboldswil;11.0660486674
2882;Bennwil;6.5855008301
2883;Bretzwil;8.2769390942
2884;Diegten;9.5358863809
2885;Eptingen;16.5879973028
2886;Hölstein;10.1178451178
2887;Lampenberg;8.759553204
2888;Langenbruck;6.1454849498
2889;Lauwil;7.6152304609
2890;Liedertswil;5.6872037915
2891;Niederdorf;13.2702780166
2892;Oberdorf (BL);8.7440381558
2893;Reigoldswil;8.5668534828
2894;Titterten;7.0163487738
2895;Waldenburg;10.4081632653
2901;Gächlingen;11.9205298013
2902;Guntmadingen;5.3140096618
2903;Löhningen;20.5287713841
2904;Neunkirch;13.4965473949
2914;Büttenhardt;8.8571428571
2915;Dörflingen;11.5470852018
2917;Lohn (SH);13.2374100719
2919;Stetten (SH);24.1887905605
2920;Thayngen;11.5322765909
2931;Bargen (SH);3.5087719298
2932;Beringen;22.2031571723
2933;Buchberg;10.8108108108
2936;Merishausen;6.8711656442
2937;Neuhausen am Rheinfall;11.5848331295
2938;Rüdlingen;10.2393617021
2939;Schaffhausen;12.1202544147
2951;Beggingen;5.4166666667
2952;Schleitheim;13.1837307153
2953;Siblingen;11.844077961
2961;Buch (SH);4.4117647059
2962;Hemishofen;10.8641975309
2963;Ramsen;5.6737588652
2964;Stein am Rhein;12.375249501
2971;Hallau;7.2910824453
2972;Oberhallau;4.5851528384
2973;Trasadingen;10.8796296296
2974;Wilchingen;8.6297760211
3001;Herisau;50.1519756839
3002;Hundwil;42.0338983051
3003;Schönengrund;40.6976744186
3004;Schwellbrunn;39.1393442623
3005;Stein (AR);51.8518518519
3006;Urnäsch;45.0074515648
3007;Waldstatt;48.7692307692
3021;Bühler;55.2361396304
3022;Gais;52.3513753327
3023;Speicher;56.0586734694
3024;Teufen (AR);59.9033816425
3025;Trogen;53.8904899135
3031;Grub (AR);67.816091954
3032;Heiden;52.8539659007
3033;Lutzenberg;39.3063583815
3034;Rehetobel;53.5232383808
3035;Reute (AR);28.6307053942
3036;Wald (AR);53.8181818182
3037;Walzenhausen;40.7619047619
3038;Wolfhalden;47.8584729981
3101;Appenzell;*
3102;Gonten;*
3103;Rüte;*
3104;Schlatt-Haslen;*
3105;Schwende;*
3111;Oberegg;*
3201;Häggenschwil;10.0647548566
3202;Muolen;8.9649551752
3203;St. Gallen;13.10820446
3204;Wittenbach;15.6773791384
3211;Berg (SG);10.8403148007
3212;Eggersriet;10.8352833452
3213;Goldach;11.6060124014
3214;Mörschwil;17.7572214971
3215;Rorschach;11.350886946
3216;Rorschacherberg;13.5795647739
3217;Steinach;11.1585070286
3218;Tübach;11.6407140144
3219;Untereggen;11.1606096131
3231;Au (SG);13.9560613245
3232;Balgach;16.1485790462
3233;Berneck;17.5205790519
3234;Diepoldsau;12.9675810474
3235;Rheineck;14.8148148148
3236;St. Margrethen;15.9463960035
3237;Thal;11.7332058331
3238;Widnau;12.1417676808
3251;Altstätten;8.0914830773
3252;Eichberg;10.7724346838
3253;Marbach (SG);11.3723978412
3254;Oberriet (SG);6.811722352
3255;Rebstein;12.3099944869
3256;Rüthi (SG);6.3009103977
3271;Buchs (SG);13.705552663
3272;Gams;9.9907570792
3273;Grabs;14.5835801445
3274;Sennwald;12.7793203755
3275;Sevelen;16.2815773259
3276;Wartau;20.5115060378
3291;Bad Ragaz;13.2132132132
3292;Flums;7.8102092496
3293;Mels;7.1638454168
3294;Pfäfers;11.2671509282
3295;Quarten;10.0425285134
3296;Sargans;10.480326767
3297;Vilters-Wangs;11.0523501099
3298;Walenstadt;10.1772712884
3311;Amden;5.129070356
3312;Benken (SG);7.8842991197
3313;Kaltbrunn;6.8810008729
3314;Rieden;6.0650347095
3315;Schänis;5.838180078
3316;Weesen;8.3854606932
3331;Ernetschwil;7.4094202899
3332;Eschenbach (SG);5.6994226262
3333;Goldingen;13.2403384404
3334;Gommiswald;13.4513451345
3337;St. Gallenkappel;7.7076310144
3338;Schmerikon;9.3587826546
3339;Uznach;9.7762268749
3340;Rapperswil-Jona;11.0826311236
3352;Ebnat-Kappel;13.0909090909
3356;Stein (SG);10.7700312175
3358;Nesslau-Krummenau;15.4669955215
3359;Wildhaus-Alt St. Johann;16.3254547052
3372;Hemberg;11.7233809001
3373;Krinau;14.7492625369
3374;Lichtensteig;17.0812147863
3375;Oberhelfenschwil;13.8324420677
3377;Wattwil;12.1209101478
3378;Neckertal;13.7126865672
3391;Bütschwil;9.4956837801
3392;Kirchberg (SG);10.0389791866
3393;Lütisburg;16.0350318471
3394;Mosnang;6.2381984754
3401;Degersheim;13.1259808817
3402;Flawil;14.7840905437
3403;Ganterschwil;13.5110627494
3405;Jonschwil;11.5863252754
3407;Oberuzwil;15.0789354984
3408;Uzwil;14.1778066191
3421;Bronschhofen;11.6670661553
3422;Niederbüren;12.4568559774
3423;Niederhelfenschwil;13.5299585904
3424;Oberbüren;10.6909044683
3425;Wil (SG);13.3187740488
3426;Zuzwil (SG);17.8363034222
3441;Andwil (SG);11.9823030601
3442;Gaiserwald;18.9647946354
3443;Gossau (SG);10.7904916396
3444;Waldkirch;11.1772724012
3501;Alvaschein;6.8965517241
3502;Mon;1.6393442623
3503;Mutten;3.4285714286
3504;Stierva;10.6299212598
3505;Tiefencastel;10,0
3506;Vaz/Obervaz;26.8103232273
3511;Alvaneu;6.1403508772
3512;Brienz/Brinzauls;8.875739645
3513;Lantsch/Lenz;17.5500588928
3514;Schmitten (GR);12.1518987342
3515;Surava;9.8314606742
3521;Bergün/Bravuogn;15.6695156695
3522;Filisur;22.2551928783
3531;Bivio;15.3543307087
3532;Cunter;9.8360655738
3533;Marmorera;8.4210526316
3534;Mulegns;13.0434782609
3536;Riom-Parsonz;22.8710462287
3538;Salouf;14.1255605381
3539;Savognin;12.1315969842
3540;Sur;4.9382716049
3541;Tinizong-Rona;6.7796610169
3551;Brusio;3.3442982456
3561;Poschiavo;4.3096930289
3571;Castrisch;6.4556962025
3572;Falera;8.0824088748
3574;Ilanz;9.0129941941
3575;Laax;13.2985658409
3576;Ladir;7.5
3577;Luven;5.4631828979
3578;Pitasch;18.9189189189
3579;Riein;7.2727272727
3580;Ruschein;16.9376693767
3581;Sagogn;6.1338289963
3582;Schluein;8.8191330344
3583;Schnaus;8.152173913
3584;Sevgein;4.7738693467
3586;Valendas;3.8461538462
3587;Versam;13.5983263598
3592;Cumbel;5.6994818653
3593;Duvin;5.1851851852
3594;Degen;5.3140096618
3595;Lumbrein;5.3240740741
3596;Morissen;2.8340080972
3598;St. Martin;0,0
3599;Suraua;3.1746031746
3603;Vals;6.0961313013
3604;Vignogn;3.3766233766
3605;Vella;6.9795427196
3606;Vrin;17.2344689379
3611;Andiast;23.8589211618
3612;Obersaxen;18.1007010835
3613;Pigniu;5.3333333333
3614;Rueun;7.4561403509
3615;Siat;5.3370786517
3616;Waltensburg/Vuorz;12.0443740095
3617;Mundaun;6.6777963272
3631;Almens;9.4218415418
3633;Fürstenau;10.7826086957
3634;Paspels;11.1650485437
3635;Pratval;10.8771929825
3636;Rodels;6.7829457364
3637;Rothenbrunnen;5.8303886926
3638;Scharans;9.1954022989
3640;Sils im Domleschg;9.4885100074
3651;Safien;3.84
3652;Tenna;3.2520325203
3661;Cazis;5.3281580805
3662;Flerden;22.4175824176
3663;Masein;11.6527942925
3668;Thusis;15.9528600172
3669;Tschappina;9.5975232198
3670;Urmein;15.9375
3671;Tomils;8.8419405321
3681;Avers;3.536977492
3691;Hinterrhein;4.1666666667
3693;Nufenen;6.8100358423
3694;Splügen;22.5173210162
3695;Sufers;12.7167630058
3701;Andeer;19.220246238
3703;Casti-Wergenstein;2.0408163265
3705;Donat;12.1575342466
3707;Lohn (GR);11.1111111111
3708;Mathon;18.8976377953
3711;Rongellen;7.5268817204
3712;Zillis-Reischen;12.6738794436
3713;Ferrera;0.7142857143
3721;Bonaduz;8.3150504607
3722;Domat/Ems;8.9856902357
3723;Rhäzüns;10.2301790281
3731;Felsberg;10.2923114714
3732;Flims;15.4032453379
3733;Tamins;18.3555555556
3734;Trin;19.1358024691
3741;Ardez;10,0
3742;Guarda;12.5714285714
3743;Lavin;10.2161100196
3744;Susch;15.8203125
3745;Tarasp;13.125
3746;Zernez;8.0348943985
3751;Ramosch;17.8723404255
3752;Samnaun;13.8686131387
3753;Tschlin;9.126984127
3761;Ftan;5.4022988506
3762;Scuol;10.2785782901
3763;Sent;6.1712846348
3781;Bever;14.6411483254
3782;Celerina/Schlarigna;22.6478494624
3783;Madulain;15.9420289855
3784;Pontresina;24.4472789116
3785;La Punt-Chamues-ch;10.2062975027
3786;Samedan;19.2288680178
3787;St. Moritz;37.1434078643
3788;S-chanf;9.1141396934
3789;Sils im Engadin/Segl;28.4862932062
3790;Silvaplana;32.5560538117
3791;Zuoz;17.1535114978
3792;Bregaglia;20.461747397
3801;Arvigo;14.8148148148
3803;Braggio;2.2222222222
3804;Buseno;6.2256809339
3805;Castaneda;20,0
3806;Cauco;4,0
3808;Rossa;10.2272727273
3810;Santa Maria in Calanca;0.8064516129
3811;Selma;0,0
3821;Lostallo;17.3076923077
3822;Mesocco;6.4227035101
3823;Soazza;6.3457330416
3831;Cama;8.0831408776
3832;Grono;7.5682382134
3833;Leggia;10.6382978723
3834;Roveredo (GR);13.6105860113
3835;San Vittore;15.8282208589
3836;Verdabbio;12.5603864734
3847;Val Müstair;5.1917203936
3851;Davos;19.9345788514
3861;Fideris;10.3603603604
3862;Furna;3.661971831
3863;Jenaz;18.7608569774
3871;Klosters-Serneus;14.406779661
3881;Conters im Prättigau;6.3444108761
3882;Küblis;10.7843137255
3883;Saas;6.3477460902
3891;Luzein;11.7154811715
3893;St. Antönien;6.9444444444
3901;Chur;10.3347328685
3911;Churwalden;16.8693982074
3921;Arosa;18.7249666222
3922;Calfreisen;4.1666666667
3923;Castiel;6.3694267516
3924;Langwies;3.2407407407
3925;Lüen;10.2189781022
3926;Maladers;5.6746532156
3927;Molinis;0.4716981132
3929;Peist;11.8421052632
3931;St. Peter-Pagig;12.2905027933
3932;Tschiertschen-Praden;10.9615384615
3941;Haldenstein;8.2563510393
3942;Igis;8.6726184637
3943;Mastrils;8.6036671368
3945;Trimmis;7.3384904871
3946;Untervaz;6.480620155
3947;Zizers;8.8143176734
3951;Fläsch;16.0504201681
3952;Jenins;11.2848402447
3953;Maienfeld;16.0648057779
3954;Malans;11.5124679562
3961;Grüsch;9.4674556213
3962;Schiers;8.2502768549
3972;Seewis im Prättigau;7.1428571429
3981;Breil/Brigels;5.0247430529
3982;Disentis/Mustér;2.91796221
3983;Medel (Lucmagn);5.0583657588
3984;Schlans;3.4285714286
3985;Sumvitg;4.3214044564
3986;Tujetsch;4.0246555475
3987;Trun;5.0682261209
4001;Aarau;14.7220589072
4002;Biberstein;17.1489275597
4003;Buchs (AG);12.176916221
4004;Densbüren;7.0139697322
4005;Erlinsbach (AG);17.4586560603
4006;Gränichen;11.7958412098
4007;Hirschthal;14.9075391181
4008;Küttigen;14.2224935144
4009;Muhen;11.0855063675
4010;Oberentfelden;12.4502500255
4012;Suhr;13.3299462524
4013;Unterentfelden;14.7493608981
4021;Baden;14.7039254824
4022;Bellikon;10.2969842908
4023;Bergdietikon;11.7961203173
4024;Birmenstorf (AG);9.7696766321
4026;Ennetbaden;17.7576316329
4027;Fislisbach;11.9107286397
4028;Freienwil;8.9649865333
4029;Gebenstorf;10.7800259528
4030;Killwangen;11.5654688145
4031;Künten;6.8868407578
4032;Mägenwil;13.1512392514
4033;Mellingen;14.5853658537
4034;Neuenhof;7.0387750062
4035;Niederrohrdorf;14.1361543521
4037;Oberrohrdorf;16.4909773093
4038;Obersiggenthal;12.1947903638
4039;Remetschwil;14.631043257
4040;Spreitenbach;9.1725888325
4041;Stetten (AG);14.1676505313
4042;Turgi;9.2249121437
4044;Untersiggenthal;10.8754999683
4045;Wettingen;10.6840355956
4046;Wohlenschwil;9.2939381329
4047;Würenlingen;9.2806828115
4048;Würenlos;12.3804764285
4049;Ehrendingen;8.7409612931
4061;Arni (AG);11.6554054054
4062;Berikon;10.5949432163
4063;Bremgarten (AG);10.8558591202
4064;Büttikon;7.2377462208
4065;Dottikon;12.0816194854
4066;Eggenwil;7.073283859
4067;Fischbach-Göslikon;10.1035502959
4068;Hägglingen;11.9269373361
4069;Hermetschwil-Staffeln;7.2836332476
4071;Jonen;9.7849934182
4072;Niederwil (AG);10.7613936141
4073;Oberlunkhofen;13.5786550288
4074;Oberwil-Lieli;15.1330034024
4075;Rudolfstetten-Friedlisberg;8.3783149495
4076;Sarmenstorf;12.6021206327
4077;Tägerig;6.0520023909
4078;Uezwil;8.3818915285
4079;Unterlunkhofen;8.3268843832
4080;Villmergen;11.3824664903
4081;Widen;13.6240478503
4082;Wohlen (AG);11.1685206964
4083;Zufikon;11.2369509553
4084;Islisberg;5.7394366197
4091;Auenstein;14.2207869872
4092;Birr;11.3544721408
4093;Birrhard;12.2521054061
4094;Bözen;7.4351765073
4095;Brugg;17.0825713331
4096;Effingen;7.0092070092
4097;Elfingen;4.7883414296
4098;Gallenkirch;7.2186836518
4099;Habsburg;16.2926529358
4100;Hausen (AG);13.2105453232
4103;Linn;11.3185530922
4104;Lupfig;10.3766656175
4105;Mandach;7.7248038624
4106;Mönthal;6.8474264706
4107;Mülligen;6.7377312953
4108;Oberbözberg;12.2058362096
4109;Oberflachs;9.2086330935
4110;Remigen;13.6407455013
4111;Riniken;15.4907607391
4112;Rüfenach;9.8508072757
4113;Scherz;4.6022031824
4114;Schinznach-Bad;13.8807836599
4115;Schinznach-Dorf;14.8779936737
4117;Thalheim (AG);7.874015748
4119;Unterbözberg;13.7969588551
4120;Veltheim (AG);9.2213740458
4121;Villigen;11.4570489108
4122;Villnachern;12.433706541
4123;Windisch;12.195979193
4131;Beinwil am See;14.5870507265
4132;Birrwil;15.3652845091
4133;Burg (AG);13.9603960396
4134;Dürrenäsch;10.8994240142
4135;Gontenschwil;12.4650139944
4136;Holziken;8.2590082055
4137;Leimbach (AG);7.3057432432
4138;Leutwil;10.275862069
4139;Menziken;14.6707110774
4140;Oberkulm;11.8446423653
4141;Reinach (AG);14.134731411
4142;Schlossrued;5.6182657773
4143;Schmiedrued;5.5609378028
4144;Schöftland;12.551369863
4145;Teufenthal (AG);13.9912742591
4146;Unterkulm;12.4884210526
4147;Zetzwil;10.5889724311
4161;Eiken;6.684698609
4163;Frick;10.4335303173
4164;Gansingen;6.4489112228
4165;Gipf-Oberfrick;8.2707622298
4166;Herznach;8.7021653275
4167;Hornussen;3.3029001074
4169;Kaisten;7.1838841255
4170;Laufenburg;9.5453835338
4172;Münchwilen (AG);10.198019802
4173;Oberhof;4.2746549983
4175;Oeschgen;6.1271147691
4176;Schwaderloch;9.5645412131
4177;Sisseln;7.0092351409
4179;Ueken;6.8619892059
4181;Wittnau;7.1238035462
4182;Wölflinswil;5.519005848
4183;Zeihen;6.9303201507
4184;Mettauertal;8.5552407932
4191;Ammerswil;11.4285714286
4192;Boniswil;13.1668558456
4193;Brunegg;12.7503974563
4194;Dintikon;11.4037433155
4195;Egliswil;7.8743741466
4196;Fahrwangen;7.9545454545
4197;Hallwil;8.885400314
4198;Hendschiken;13.3603238866
4199;Holderbank (AG);13.0562923666
4200;Hunzenschwil;9.3945720251
4201;Lenzburg;16.2090606001
4202;Meisterschwanden;15.2292576419
4203;Möriken-Wildegg;13.8954811837
4204;Niederlenz;10.4763087623
4205;Othmarsingen;9.9513357831
4206;Rupperswil;13.7725178048
4207;Schafisheim;11.6281040766
4208;Seengen;15.6060055068
4209;Seon;10.5999525729
4210;Staufen;11.7100966771
4221;Abtwil;8.5317460317
4222;Aristau;8.711374096
4223;Auw;7.6593137255
4224;Beinwil (Freiamt);8.0231297434
4225;Benzenschwil;5.2251632864
4226;Besenbüren;4.1009463722
4227;Bettwil;5.7048092869
4228;Boswil;6.5169137885
4229;Bünzen;3.966107806
4230;Buttwil;7.3246217331
4231;Dietwil;6.5342601787
4232;Geltwil;16.713091922
4233;Kallern;4.4569672131
4234;Merenschwand;9.0651787158
4235;Mühlau;7.7280650784
4236;Muri (AG);9.5423723261
4237;Oberrüti;10.3183490641
4238;Rottenschwil;6.7028985507
4239;Sins;9.6401941058
4240;Waltenschwil;8.7043856712
4251;Hellikon;4.0554414784
4252;Kaiseraugst;9.676250302
4253;Magden;10.8306510814
4254;Möhlin;8.9693109438
4255;Mumpf;11.1244738425
4256;Obermumpf;5.8252427184
4257;Olsberg;10.9099139882
4258;Rheinfelden;12.2098288765
4259;Schupfart;6.9860813704
4260;Stein (AG);13.5059567226
4261;Wallbach;9.4788519637
4262;Wegenstetten;6.832412523
4263;Zeiningen;9.4240327453
4264;Zuzgen;7.5200442356
4271;Aarburg;10.3851058403
4272;Attelwil;5.8823529412
4273;Bottenwil;7.1870537839
4274;Brittnau;8.6421075177
4275;Kirchleerau;7.3738363547
4276;Kölliken;12.8025549081
4277;Moosleerau;11.0996119017
4279;Murgenthal;10.2768456376
4280;Oftringen;10.1426024955
4281;Reitnau;6.1622842394
4282;Rothrist;10.8470573989
4283;Safenwil;10.0476396709
4284;Staffelbach;5.122324159
4285;Strengelbach;9.6792283535
4286;Uerkheim;9.2057476709
4287;Vordemwald;8.9309878214
4288;Wiliberg;4.7512991834
4289;Zofingen;14.6371926703
4301;Baldingen;8.2095387021
4302;Böbikon;7.0366699703
4303;Böttstein;8.0787156914
4304;Döttingen;12.4432198972
4305;Endingen;8.1939643091
4306;Fisibach;0.9065155807
4307;Full-Reuenthal;10.0759990194
4308;Kaiserstuhl;7.2614107884
4309;Klingnau;14.5263302626
4310;Koblenz;9.3286994695
4311;Leibstadt;4.5896147404
4312;Lengnau (AG);7.0133622246
4313;Leuggern;6.0885924406
4314;Mellikon;8.5041761579
4315;Rekingen (AG);3.7149817296
4316;Rietheim;4.2498937527
4317;Rümikon;3.0895983522
4318;Schneisingen;6.1166059344
4319;Siglistorf;4.3195718654
4320;Tegerfelden;7.2539797395
4321;Unterendingen;7.1609954292
4322;Wislikofen;8.2420200095
4323;Bad Zurzach;8.2158452901
4401;Arbon;12.2497475198
4406;Dozwil;7.8966259871
4411;Egnach;11.1637512148
4416;Hefenhofen;10.7427055703
4421;Horn;13.5053463505
4426;Kesswil;13.4250474383
4431;Roggwil (TG);10.3357719002
4436;Romanshorn;12.9457203945
4441;Salmsach;6.7124735729
4446;Sommeri;5.9027777778
4451;Uttwil;15.3563348416
4461;Amriswil;16.4639236732
4471;Bischofszell;11.0491071429
4476;Erlen;10.9247054124
4486;Hauptwil-Gottshaus;8.5594989562
4495;Hohentannen;8.762490392
4501;Kradolf-Schönenberg;9.4982765224
4506;Sulgen;13.535218337
4511;Zihlschlacht-Sitterdorf;10.4673342871
4536;Basadingen-Schlattingen;6.1077844311
4545;Diessenhofen;9.250693802
4546;Schlatt (TG);8.9931281745
4551;Aadorf;7.6815642458
4561;Felben-Wellhausen;7.1372956138
4566;Frauenfeld;14.0726999483
4571;Gachnang;10.1453758119
4590;Hüttlingen;5.0856253243
4591;Matzingen;6.1512278142
4601;Neunforn;7.2632944228
4606;Stettfurt;11.861743912
4611;Thundorf;7.5017946877
4616;Uesslingen-Buch;7.444668008
4621;Warth-Weiningen;7.0551181102
4641;Altnau;13.6292016807
4643;Bottighofen;21.3757961783
4646;Ermatingen;15.4457018066
4651;Gottlieben;14.332247557
4656;Güttingen;7.0793433653
4666;Kemmental;9.6388423822
4671;Kreuzlingen;11.837931366
4681;Langrickenbach;6.0758513932
4683;Lengwil;8.5020242915
4691;Münsterlingen;11.4739229025
4696;Tägerwilen;13.0344108446
4701;Wäldi;9.5409540954
4711;Affeltrangen;7.3795180723
4716;Bettwiesen;7.229580574
4721;Bichelsee-Balterswil;6.5201052236
4723;Braunau;3.7641154329
4724;Eschlikon;9.465392562
4726;Fischingen;7.3832962845
4741;Lommis;6.2836624776
4746;Münchwilen (TG);9.3101138647
4751;Rickenbach (TG);9.8519190088
4756;Schönholzerswilen;7.4897600936
4761;Sirnach;6.5497588777
4776;Tobel-Tägerschen;6.3472563473
4781;Wängi;6.494140625
4786;Wilen (TG);10.9048723898
4791;Wuppenau;5.2407932011
4801;Berlingen;14.4246353323
4806;Eschenz;8.606431853
4811;Herdern;7.4155331286
4816;Homburg;6.6973886329
4821;Hüttwilen;11.2117177097
4826;Mammern;17.8796046721
4831;Müllheim;11.6374128396
4841;Pfyn;7.8499201703
4846;Raperswilen;6.8710359408
4851;Salenstein;12.8813559322
4864;Steckborn;13.0866141732
4871;Wagenhausen;7.1753587679
4881;Amlikon-Bissegg;9.3669959751
4891;Berg (TG);11.5946534038
4901;Birwinken;4.966641957
4911;Bürglen (TG);11.3882443929
4921;Bussnang;8.2875264271
4941;Märstetten;17.3864273696
4946;Weinfelden;18.0826476842
4951;Wigoltingen;16.1128115435
5001;Arbedo-Castione;28.0199501247
5002;Bellinzona;28.2981630484
5003;Cadenazzo;33.850129199
5004;Camorino;25.9553932438
5005;Giubiasco;31.2252964427
5006;Gnosca;23.9401496259
5007;Gorduno;33.0145530146
5008;Gudo;28.996933859
5009;Isone;12.1142857143
5010;Lumino;30.0151155258
5012;Moleno;31.4102564103
5013;Monte Carasso;22.7549776514
5014;Pianezzo;36.5758754864
5015;Preonzo;44.2946557535
5017;Sant'Antonino;36.481768813
5018;Sant'Antonio;42.9663608563
5019;Sementina;48.1262115012
5040;Ludiano;17.4831081081
5041;Malvaglia;28.9710085749
5046;Semione;14.3333333333
5048;Acquarossa;20.1422764228
5049;Blenio;29.4218009479
5061;Airolo;31.2572533849
5062;Anzonico;33.3333333333
5063;Bedretto;13.9726027397
5064;Bodio;14.3088552916
5066;Calpiogna;4.9450549451
5067;Campello;20.0647249191
5068;Cavagnago;28.2178217822
5070;Chironico;13.8977635783
5071;Dalpe;29.1122715405
5072;Faido;24.1470811221
5073;Giornico;17.80529462
5074;Mairengo;27.6388888889
5075;Osco;41.8524871355
5076;Personico;32.4879227053
5077;Pollegio;12.3287671233
5078;Prato (Leventina);26.8558951965
5079;Quinto;33.9239035725
5081;Sobrio;25.6704980843
5091;Ascona;29.6470418053
5095;Brione (Verzasca);12.0426829268
5096;Brione sopra Minusio;28.130783467
5097;Brissago;35.6622998544
5099;Cavigliano;24.8916896416
5102;Corippo;1.3157894737
5105;Frasco;4.833836858
5108;Gordola;20.6115998975
5109;Gresso;63.4020618557
5112;Lavertezzo;18.1351582549
5113;Locarno;27.3164861613
5115;Losone;23.3379414352
5117;Mergoscia;21.8989280245
5118;Minusio;26.4401226086
5119;Mosogno;14.367816092
5120;Muralto;24.8292206887
5121;Orselina;29.6067167477
5125;Ronco sopra Ascona;28.5855101035
5129;Sonogno;9.4462540717
5130;Tegna;19.9492814877
5131;Tenero-Contra;18.7240405383
5132;Vergeletto;40.4624277457
5133;Verscio;26.886935435
5135;Vogorno;24.1192411924
5136;Onsernone;24.262295082
5137;Isorno;24.0044247788
5138;Cugnasco-Gerra;22.5073118851
5141;Agno;22.0270591028
5143;Aranno;15.0699677072
5144;Arogno;26.7406659939
5146;Astano;14.7712418301
5148;Bedano;20.4813108039
5149;Bedigliora;17.0486305198
5151;Bioggio;23.8885112169
5154;Bissone;24.5083932854
5155;Bogno;30.5810397554
5160;Brusino Arsizio;22.6268656716
5161;Cademario;29.5186194369
5162;Cadempino;23.48143982
5163;Cadro;19.9623674307
5167;Canobbio;16.1663652803
5169;Carabietta;51.2534818942
5170;Carona;20.5115346038
5171;Caslano;23.9726781976
5173;Certara;13.6094674556
5174;Cimadera;9.0629800307
5176;Comano;26.1464088398
5178;Croglio;21.597518418
5180;Cureglia;33.1844888367
5181;Curio;18.1019332162
5186;Grancia;18.6712485682
5187;Gravesano;29.203539823
5189;Lamone;24.8648648649
5192;Lugano;23.1652952267
5193;Magliaso;22.3608944358
5194;Manno;21.4045089401
5195;Maroggia;17.1590194846
5196;Massagno;15.9055699004
5197;Melano;24.3791535502
5198;Melide;33.3940182055
5199;Mezzovico-Vira;18.6021212945
5200;Miglieglia;17.8260869565
5202;Monteggio;24.7731397459
5203;Morcote;45.5259026688
5205;Muzzano;20.5654531371
5206;Neggio;13.9931740614
5207;Novaggio;26.1443298969
5208;Origlio;25.4888268156
5210;Paradiso;22.4115086125
5212;Ponte Capriasca;29.3377346812
5213;Ponte Tresa;36.8811881188
5214;Porza;27.1655437921
5216;Pura;19.4382647386
5219;Rovio;15.6563629065
5221;Savosa;19.2811681018
5222;Sessa;22.0501138952
5224;Sonvico;20.3485301883
5225;Sorengo;26.3967952773
5226;Capriasca;17.5109310014
5227;Torricella-Taverne;24.4086183517
5229;Valcolla;17.6470588235
5230;Vernate;32.1539416511
5231;Vezia;28.2735613011
5233;Vico Morcote;28.7548138639
5236;Collina d'Oro;35.5007473842
5237;Alto Malcantone;23.1794383627
5238;Monteceneri;32.7599040609
5242;Balerna;22.5393600813
5243;Besazio;25.0201775626
5249;Castel San Pietro;18.6722552731
5250;Chiasso;23.9839572193
5251;Coldrerio;30.397120036
5253;Ligornetto;19.4006309148
5254;Mendrisio;24.3537953795
5255;Meride;7.1927374302
5257;Morbio Inferiore;17.5740365112
5260;Novazzano;21.961915753
5263;Riva San Vitale;17.8517776665
5266;Stabio;20.1947318091
5268;Vacallo;20.0668151448
5269;Breggia;24.8108265425
5281;Biasca;27.9688253254
5282;Claro;23.2480195003
5283;Cresciano;22.9495268139
5284;Iragna;20.4344328238
5285;Lodrino;17.2690763052
5286;Osogna;35.876475931
5304;Bosco/Gurin;17.5824175824
5307;Campo (Vallemaggia);8.3333333333
5309;Cerentino;22.0588235294
5310;Cevio;17.6554073233
5315;Linescio;46.4285714286
5317;Maggia;30.7270628967
5323;Lavizzara;14.9645002731
5324;Avegno Gordevio;17.2336111737
5397;Centovalli;20.6806962848
5398;Gambarogno;26.544955166
5401;Aigle;28.3655726362
5402;Bex;12.2174301011
5403;Chessel;16.9960474308
5404;Corbeyrier;13.3901918977
5405;Gryon;24.6105919003
5406;Lavey-Morcles;15.7390146471
5407;Leysin;27.0355270821
5408;Noville;14.2278617711
5409;Ollon;20.0185771295
5410;Ormont-Dessous;15.9829721362
5411;Ormont-Dessus;30.0259314863
5412;Rennaz;24.183908046
5413;Roche (VD);14.6024464832
5414;Villeneuve (VD);17.7279541159
5415;Yvorne;22.3513224278
5421;Apples;17.4744330814
5422;Aubonne;18.7784604265
5423;Ballens;13.5966445299
5424;Berolle;13.5215453195
5425;Bière;15.7820129154
5426;Bougy-Villars;19.8547215496
5427;Féchy;19.5145869086
5428;Gimel;16.2858390336
5429;Longirod;20.3888098625
5430;Marchissy;12.8661688685
5431;Mollens (VD);11.4227086183
5432;Montherod;11.6776315789
5434;Saint-George;17.3605854151
5435;Saint-Livres;12.1929026388
5436;Saint-Oyens;11.9133574007
5437;Saubraz;10.0576553491
5451;Avenches;17.1666391956
5456;Cudrefin;16.2181951309
5458;Faoug;11.9313304721
5464;Vully-les-Lacs;19.3465727098
5471;Bettens;21.8279569892
5472;Bournens;14.1625615764
5473;Boussens;8.7359687653
5474;La Chaux (Cossonay);17.4603174603
5475;Chavannes-le-Veyron;9.1885441527
5476;Chevilly;23.1182795699
5477;Cossonay;14.5710059172
5478;Cottens (VD);18.1150550796
5479;Cuarnens;14.2857142857
5480;Daillens;15.5414908579
5481;Dizy;6.796875
5482;Eclépens;15.274151436
5483;Ferreyres;14.2159853569
5484;Gollion;18.0775193798
5485;Grancy;28.7602552416
5486;L'Isle;13.3985048879
5487;Lussery-Villars;12.7860696517
5488;Mauraz;2.4154589372
5489;Mex (VD);16.3147792706
5490;Moiry;13.4358974359
5491;Mont-la-Ville;10.5925537493
5492;Montricher;18.30276154
5493;Orny;25.9234385494
5494;Pampigny;9.5268542199
5495;Penthalaz;17.2524991938
5496;Penthaz;14.6126488325
5497;Pompaples;11.6141732283
5498;La Sarraz;19.8381003778
5499;Senarclens;18.3103833271
5500;Sévery;28.0816326531
5501;Sullens;19.0514795298
5503;Vufflens-la-Ville;15.933585785
5511;Assens;12.0990433315
5512;Bercher;18.7140305616
5513;Bioley-Orjulaz;20.961430967
5514;Bottens;13.2892676987
5515;Bretigny-sur-Morrens;11.0724637681
5516;Cugy (VD);16.9684093848
5518;Echallens;13.0090802841
5520;Essertines-sur-Yverdon;12.3419101614
5521;Etagnières;12.9004515158
5522;Fey;19.65583174
5523;Froideville;15.5187879996
5527;Morrens (VD);12.3784963301
5529;Oulens-sous-Echallens;15.6741957563
5530;Pailly;11.5452930728
5531;Penthéréaz;10.5555555556
5533;Poliez-Pittet;15.0279329609
5534;Rueyres;19.495412844
5535;Saint-Barthélemy (VD);10.6921944035
5537;Villars-le-Terroir;14.9915642323
5539;Vuarrens;13.8090518665
5540;Montilliez;16.4726583649
5541;Goumoëns;20.9279751505
5551;Bonvillars;23.8906638268
5552;Bullet;12.8257093225
5553;Champagne;22.1288515406
5554;Concise;20.4113570311
5555;Corcelles-près-Concise;29.1585127202
5556;Fiez;19.2034139403
5557;Fontaines-sur-Grandson;8.7837837838
5559;Giez;20.1301518438
5560;Grandevent;19.3700787402
5561;Grandson;24.0051256496
5562;Mauborget;8.5209003215
5563;Mutrux;14.9394347241
5564;Novalles;12.5517241379
5565;Onnens (VD);14.4289450741
5566;Provence;13.1894484412
5568;Sainte-Croix;14.0219165307
5571;Tévenon;9.1724825523
5581;Belmont-sur-Lausanne;17.5858206497
5582;Cheseaux-sur-Lausanne;13.0544030854
5583;Crissier;16.2916291629
5584;Epalinges;18.600911927
5585;Jouxtens-Mézery;22.0195363069
5586;Lausanne;12.5054158468
5587;Le Mont-sur-Lausanne;19.1064435742
5588;Paudex;18.9090909091
5589;Prilly;15.380512091
5590;Pully;19.0529469087
5591;Renens (VD);12.6943110605
5592;Romanel-sur-Lausanne;19.2421790723
5601;Chexbres;22.275163788
5604;Forel (Lavaux);19.341604963
5606;Lutry;20.6917150744
5607;Puidoux;23.4640690421
5609;Rivaz;26.9921875
5610;Saint-Saphorin (Lavaux);25.7250945776
5611;Savigny;21.2816227742
5613;Bourg-en-Lavaux;22.18052878
5621;Aclens;17.2016460905
5622;Bremblens;18.8360204483
5623;Buchillon;17.897574124
5624;Bussigny-près-Lausanne;15.7105153494
5625;Bussy-Chardonney;16.2276975361
5627;Chavannes-près-Renens;9.4254157359
5628;Chigny;19.5471698113
5629;Clarmont;20.1309328969
5631;Denens;15.8777387071
5632;Denges;14.5074535116
5633;Echandens;21.6042309387
5634;Echichens;15.5742296919
5635;Ecublens (VD);16.1845065895
5636;Etoy;18.3468332195
5637;Lavigny;16.5661861075
5638;Lonay;17.3777229757
5639;Lully (VD);19.2723437912
5640;Lussy-sur-Morges;15.8670429602
5642;Morges;15.7765255407
5643;Préverenges;16.7365048065
5644;Reverolle;17.0909090909
5645;Romanel-sur-Morges;26.0307692308
5646;Saint-Prex;17.6669774746
5648;Saint-Sulpice (VD);21.4964675658
5649;Tolochenaz;14.5255759469
5650;Vaux-sur-Morges;18.4656556646
5651;Villars-Sainte-Croix;15.318889228
5652;Villars-sous-Yens;14.554510238
5653;Vufflens-le-Château;21.4078859434
5654;Vullierens;20.5081001473
5655;Yens;25.6768687463
5661;Boulens;13.2911392405
5662;Brenles;16.157635468
5663;Bussy-sur-Moudon;15.2993348115
5664;Chapelle-sur-Moudon;15.424610052
5665;Chavannes-sur-Moudon;11.6409537167
5666;Chesalles-sur-Moudon;9.8540145985
5667;Correvon;21.6260162602
5668;Cremin;4.5893719807
5669;Curtilles;25.4688445251
5670;Denezy;10.7971745711
5671;Dompierre (VD);22.533240028
5672;Forel-sur-Lucens;14.7172734314
5673;Hermenches;15.0530918176
5674;Lovatens;6.1475409836
5675;Lucens;18.1066067841
5676;Martherenges;12.3376623377
5678;Moudon;22.3960506188
5679;Neyruz-sur-Moudon;14.9107142857
5680;Ogens;9.8155467721
5682;Peyres-Possens;16.1016949153
5683;Prévonloup;14.8793565684
5684;Rossenges;16.081871345
5685;Saint-Cierges;7.3676680973
5686;Sarzens;9.1549295775
5688;Syens;10.4166666667
5689;Thierrens;11.7971014493
5690;Villars-le-Comte;8.8977423639
5692;Vucherens;13.7981651376
5701;Arnex-sur-Nyon;32.4096385542
5702;Arzier;14.7297846404
5703;Bassins;13.2755298651
5704;Begnins;15.7870441606
5705;Bogis-Bossey;17.4736842105
5706;Borex;20.7167403044
5707;Chavannes-de-Bogis;14.8692810458
5708;Chavannes-des-Bois;13.6026380874
5709;Chéserex;14.7370135157
5710;Coinsins;15.1234567901
5711;Commugny;19.5948739148
5712;Coppet;18.3562945368
5713;Crans-près-Céligny;21.5009905605
5714;Crassier;24.1838220004
5715;Duillier;20.9959042897
5716;Eysins;14.1416356062
5717;Founex;23.0862820643
5718;Genolier;28.8322425078
5719;Gingins;19.7415506958
5720;Givrins;26.0378228782
5721;Gland;13.5320112093
5722;Grens;10.0323624595
5723;Mies;14.8821761822
5724;Nyon;13.4049459042
5725;Prangins;15.1999478113
5726;La Rippe;19.5657304697
5727;Saint-Cergue;10.3857566766
5728;Signy-Avenex;20.4104903079
5729;Tannay;20.2975206612
5730;Trélex;17.2257479601
5731;Le Vaud;10.6494478757
5732;Vich;12.6199476592
5741;L'Abergement;3.9745627981
5742;Agiez;19.873317498
5743;Arnex-sur-Orbe;13.9637002342
5744;Ballaigues;12.6020514968
5745;Baulmes;10.2981561397
5746;Bavois;7.5030012005
5747;Bofflens;14.0255009107
5748;Bretonnières;13.7020741672
5749;Chavornay;17.2451617958
5750;Les Clées;10.5871029836
5751;Corcelles-sur-Chavornay;16.3447251114
5752;Croy;11.8934911243
5754;Juriens;25.6821829856
5755;Lignerolle;7.6267171956
5756;Montcherand;22.3544973545
5757;Orbe;14.685719803
5758;La Praz;8.3953241233
5759;Premier;12.4232081911
5760;Rances;12.8270348837
5761;Romainmôtier-Envy;8.1648522551
5762;Sergey;14.9714285714
5763;Valeyres-sous-Rances;14.4152899255
5764;Vallorbe;19.0038799588
5765;Vaulion;15.6026160075
5766;Vuiteboeuf;9.7328244275
5781;Bussigny-sur-Oron;8.7557603687
5782;Carrouge (VD);17.0362239297
5783;Châtillens;15.8450704225
5784;Chesalles-sur-Oron;16.1172161172
5785;Corcelles-le-Jorat;17.2121212121
5786;Les Cullayes;17.5359458697
5787;Ecoteaux;13.6382888607
5788;Essertes;12.1396895787
5789;Ferlens (VD);18.1869054281
5790;Maracon;14.2576204523
5791;Mézières (VD);15.9017781541
5792;Montpreveyres;10.1888449715
5793;Oron-la-Ville;20.8787784356
5794;Oron-le-Châtel;11.3465481887
5795;Palézieux;13.4806816265
5798;Ropraz;19.4812069878
5799;Servion;16.6178929766
5800;Les Tavernes;33.6032388664
5801;Les Thioleyres;27.1186440678
5802;Vuibroye;8.3421330517
5803;Vulliens;15.9009332376
5804;Jorat-Menthue;16.451195863
5812;Champtauroz;16.2011173184
5813;Chevroux;13.9208633094
5816;Corcelles-près-Payerne;24.5915735168
5817;Grandcour;21.1059704781
5819;Henniez;13.8285714286
5821;Missy;13.9903846154
5822;Payerne;21.690007442
5827;Trey;35.2121212121
5828;Treytorrens (Payerne);24.6786632391
5830;Villarzel;21.8968531469
5831;Valbroye;27.6239822354
5841;Château-d'Oex;21.588409315
5842;Rossinière;15.5339805825
5843;Rougemont;18.7878787879
5851;Allaman;15.3119092628
5852;Bursinel;18.3962264151
5853;Bursins;12.7058823529
5854;Burtigny;15.5061019383
5855;Dully;15.8096047599
5856;Essertines-sur-Rolle;16.9930302025
5857;Gilly;15.6499202552
5858;Luins;13.0046748831
5859;Mont-sur-Rolle;20.0100351229
5860;Perroy;17.2954349699
5861;Rolle;16.4439516835
5862;Tartegnin;15.1326053042
5863;Vinzel;14.3465909091
5871;L'Abbaye;10.2974504249
5872;Le Chenit;9.6022024947
5873;Le Lieu;8.2545141874
5881;Blonay;20.4546317028
5882;Chardonne;19.2276032378
5883;Corseaux;22.4953539449
5884;Corsier-sur-Vevey;13.2033975428
5885;Jongny;15.7747196738
5886;Montreux;19.3001130122
5888;Saint-Légier-La Chiésaz;18.04775001
5889;La Tour-de-Peilz;14.1920383767
5890;Vevey;11.3611814495
5891;Veytaux;20.5092720731
5902;Belmont-sur-Yverdon;27.2324255858
5903;Bioley-Magnoux;15.9509202454
5904;Chamblon;19.5887850467
5905;Champvent;14.1237600378
5906;Chanéaz;45.8786936236
5907;Chavannes-le-Chêne;16.201620162
5908;Chêne-Pâquier;25.5839822024
5909;Cheseaux-Noréaz;22.4713242961
5910;Cronay;16.4835164835
5911;Cuarny;9.6836049856
5912;Démoret;14.6179401993
5913;Donneloye;12.9489291598
5914;Ependes (VD);16.5259348613
5915;Essert-Pittet;13.5935397039
5916;Essert-sous-Champvent;16.17076326
5919;Mathod;16.6320885201
5921;Molondin;20.9003215434
5922;Montagny-près-Yverdon;12.1965317919
5923;Oppens;18.7116564417
5924;Orges;11.5603284902
5925;Orzens;10.0906344411
5926;Pomy;15.7881136951
5927;Prahins;9.9415204678
5928;Rovray;19.3894389439
5929;Suchy;18.0813439434
5930;Suscévaz;16.7289021658
5931;Treycovagnes;15.8359293873
5932;Ursins;15.2022315202
5933;Valeyres-sous-Montagny;15.6483367278
5934;Valeyres-sous-Ursins;10.5882352941
5935;Villars-Epeney;17.9487179487
5936;Villars-sous-Champvent;18.640776699
5937;Vugelles-La Mothe;7.7747989276
5938;Yverdon-les-Bains;14.374447214
5939;Yvonand;16.4664202095
6001;Birgisch;2.149321267
6002;Brig-Glis;5.9253049193
6004;Eggerberg;1.5613910575
6006;Mund;0.6849315068
6007;Naters;3.2148769876
6008;Ried-Brig;3.5941765241
6009;Simplon;1.9923371648
6010;Termen;2.6729034414
6011;Zwischbergen;1.1940298507
6021;Ardon;29.3386983905
6022;Chamoson;25.2172956321
6023;Conthey;28.7074554295
6024;Nendaz;19.9813668
6025;Vétroz;34.5685884692
6031;Bagnes;22.7500659805
6032;Bourg-Saint-Pierre;41.7127071823
6033;Liddes;23.1971153846
6034;Orsières;25.3580294061
6035;Sembrancher;22.1188260558
6036;Vollèges;14.2857142857
6052;Bellwald;2.654109589
6054;Binn;1.0752688172
6055;Blitzingen;3.8961038961
6056;Ernen;3.2510535822
6057;Fiesch;5.3708439898
6058;Fieschertal;4.3601895735
6061;Lax;4.958677686
6064;Niederwald;3.5532994924
6073;Grafschaft;0.6802721088
6074;Münster-Geschinen;5.2731893266
6075;Reckingen-Gluringen;4.1143654114
6076;Obergoms;5.2703316674
6081;Les Agettes;12.5663716814
6082;Ayent;11.9376026273
6083;Evolène;24.9565720903
6084;Hérémence;7.8995601173
6087;Saint-Martin (VS);18.6072737525
6089;Vex;26.9636576788
6090;Mont-Noble;15.605875153
6101;Agarn;0.5974842767
6102;Albinen;1.6536118364
6104;Ergisch;1.1587485516
6105;Erschmatt;0.3946329913
6109;Inden;2.7093596059
6110;Leuk;1.2062726176
6111;Leukerbad;1.3104524181
6112;Oberems;0.289017341
6113;Salgesch;3.4109477124
6114;Turtmann;2.7577319588
6115;Unterems;0.5291005291
6116;Varen;2.4215958714
6117;Guttet-Feschel;2.7078085642
6118;Gampel-Bratsch;1.5877287406
6131;Bovernier;17.2174487773
6132;Charrat;39.349112426
6133;Fully;23.4563790315
6134;Isérables;53.381208857
6135;Leytron;34.6202604587
6136;Martigny;37.6365470529
6137;Martigny-Combe;24.2332750675
6139;Riddes;41.8184425642
6140;Saillon;24.3592041585
6141;Saxon;28.4948002189
6142;Trient;38.4912959381
6151;Champéry;35.1526965562
6152;Collombey-Muraz;20.2461890789
6153;Monthey;32.7062001382
6154;Port-Valais;28.9176906245
6155;Saint-Gingolph;32.2050771528
6156;Troistorrents;28.3719656872
6157;Val-d'Illiez;22.8297161937
6158;Vionnaz;17.8433641975
6159;Vouvry;40.6309751434
6171;Betten;5.2892561983
6172;Bister;8.843537415
6173;Bitsch;4.4112006137
6177;Grengiols;9.6036585366
6178;Martisberg;0,0
6181;Riederalp;6.7702552719
6191;Ausserberg;1.1006289308
6192;Blatten;0.7468259895
6193;Bürchen;2.0070838253
6194;Eischoll;1.1388286334
6195;Ferden;0.3929273084
6197;Kippel;0.5662514156
6198;Niedergesteln;0.6700167504
6199;Raron;2.1398002853
6201;Unterbäch;1.8867924528
6202;Wiler (Lötschen);0.8798944127
6203;Mörel-Filet;9.2629089476
6204;Steg-Hohtenn;1.1883149034
6211;Collonges;37.1830985915
6212;Dorénaz;34.5151644596
6213;Evionnaz;17.7607464179
6214;Finhaut;17.5551470588
6215;Massongex;25.9809612259
6216;Mex (VS);16.0256410256
6217;Saint-Maurice;27.1241149521
6218;Salvan;27.6674233825
6219;Vernayaz;24.3476474214
6220;Vérossaz;20.867869332
6232;Chalais;23.6867013725
6234;Chermignon;18.7384501663
6235;Chippis;16.3555555556
6238;Grône;27.2340425532
6239;Icogne;12.8342245989
6240;Lens;24.7149036571
6241;Miège;31.6743305383
6242;Mollens (VS);17.3181818182
6243;Montana;16.9276270007
6244;Randogne;23.5775381183
6246;Saint-Léonard;23.3780243489
6248;Sierre;21.3933790965
6249;Venthône;22.8120145003
6250;Veyras;18.8998327448
6252;Anniviers;22.9137735134
6261;Arbaz;13.0136986301
6263;Grimisuat;14.2021898586
6264;Salins;20.3886805319
6265;Savièse;21.0654611532
6266;Sion;21.7659324906
6267;Veysonnaz;11.1484593838
6281;Baltschieder;3.3870967742
6282;Eisten;1.9883040936
6283;Embd;2.5986525505
6285;Grächen;1.376146789
6286;Lalden;2.3273855702
6287;Randa;2.5222551929
6288;Saas-Almagell;10.6043329532
6289;Saas-Balen;11.5427302997
6290;Saas-Fee;8.6966394187
6291;Saas-Grund;19.774153074
6292;St. Niklaus;2.1929824561
6293;Stalden (VS);2.0281810418
6294;Staldenried;1.841868823
6295;Täsch;3.3466533467
6296;Törbel;0.8597528211
6297;Visp;6.4312286602
6298;Visperterminen;2.2830151545
6299;Zeneggen;4.2207792208
6300;Zermatt;14.0713749866
6401;Auvernier;44.8796147673
6402;Bevaix;34.1787868038
6403;Bôle;32.502596054
6404;Boudry;28.5714285714
6405;Brot-Dessous;21.1538461538
6406;Colombier (NE);35.6235797353
6407;Corcelles-Cormondrèche;34.925093633
6408;Cortaillod;30.0763105508
6409;Fresens;34.9075975359
6410;Gorgier;34.3528654218
6411;Montalchez;34.328358209
6412;Peseux;30.8259587021
6413;Rochefort;32.5178389399
6414;Saint-Aubin-Sauges;37.6430559852
6415;Vaumarcus;48.2474226804
6421;La Chaux-de-Fonds;14.7540983607
6422;Les Planchettes;20.6467661692
6423;La Sagne;30.4371887106
6431;Les Brenets;19.1184008201
6432;La Brévine;34.0028694405
6433;Brot-Plamboz;44.9300699301
6434;Le Cerneux-Péquignot;35.7954545455
6435;La Chaux-du-Milieu;29.9564270153
6436;Le Locle;17.6900232763
6437;Les Ponts-de-Martel;28.48791894
6451;Cornaux;33.186920449
6452;Cressier (NE);32.8180212014
6453;Enges;32.6885880077
6454;Hauterive (NE);39.0509953641
6455;Le Landeron;32.4396782842
6456;Lignières;35.4566385265
6458;Neuchâtel;24.463158966
6459;Saint-Blaise;38.9126213592
6461;La Tène;28.0493909561
6471;Boudevilliers;31.2872975277
6472;Cernier;27.4782047142
6473;Chézard-Saint-Martin;34.2487883683
6474;Coffrane;35.0601295097
6475;Dombresson;30.6641544984
6476;Engollon;44.495412844
6477;Fenin-Vilars-Saules;37.7130681818
6478;Fontainemelon;27.332457293
6479;Fontaines (NE);32.3547782636
6480;Les Geneveys-sur-Coffrane;34.8516949153
6481;Les Hauts-Geneveys;25.6811989101
6482;Montmollin;28.2247765006
6483;Le Pâquier (NE);27.8820375335
6484;Savagnier;32.4935732648
6485;Valangin;29.6657381616
6486;Villiers;29.9450549451
6504;La Côte-aux-Fées;26.2605042017
6511;Les Verrières;34.4206008584
6512;Val-de-Travers;28.7539936102
6601;Aire-la-Ville;18.0366646954
6602;Anières;35.3780918728
6603;Avully;15.7658576382
6604;Avusy;20.5666530779
6605;Bardonnex;19.1743004141
6606;Bellevue;25.2919532875
6607;Bernex;18.950866854
6608;Carouge (GE);17.8709296517
6609;Cartigny;26.7636138614
6610;Céligny;34.9643221203
6611;Chancy;17.6068990298
6612;Chêne-Bougeries;31.0991957105
6613;Chêne-Bourg;17.6438144614
6614;Choulex;27.207362669
6615;Collex-Bossy;22.9776247849
6616;Collonge-Bellerive;35.1432503441
6617;Cologny;44.8894725323
6618;Confignon;19.6454948301
6619;Corsier (GE);34.8583877996
6620;Dardagny;26.3336820084
6621;Genève;16.0947499107
6622;Genthod;28.7328023172
6623;Le Grand-Saconnex;17.215178072
6624;Gy;24.8743718593
6625;Hermance;27.3946360153
6626;Jussy;30.1647058824
6627;Laconnex;23.7827715356
6628;Lancy;12.0742839156
6629;Meinier;22.8012000632
6630;Meyrin;11.0061130922
6631;Onex;13.1594305869
6632;Perly-Certoux;19.5696581779
6633;Plan-les-Ouates;18.3630941688
6634;Pregny-Chambésy;34.41143809
6635;Presinge;17.6948828312
6636;Puplinge;19.5402298851
6637;Russin;24.3067846608
6638;Satigny;24.5900009939
6639;Soral;24.8214285714
6640;Thônex;23.1333608345
6641;Troinex;32.2363405337
6642;Vandoeuvres;39.0740299929
6643;Vernier;9.7947412458
6644;Versoix;17.2317327766
6645;Veyrier;30.0239425379
6701;Bassecourt;5.7642820381
6702;Boécourt;10.9865470852
6703;Bourrignon;3.6734693878
6704;Châtillon (JU);1.6181229773
6705;Corban;0.2849002849
6706;Courchapoix;4.4444444444
6707;Courfaivre;4.1916167665
6708;Courrendlin;7.9969535415
6709;Courroux;6.8855932203
6710;Courtételle;7.664756447
6711;Delémont;8.7949390526
6712;Develier;9.2269326683
6713;Ederswiler;10.5263157895
6714;Glovelier;8.8426527958
6715;Mervelier;1.7811704835
6716;Mettembert;3.125
6717;Montsevelier;5.4901960784
6718;Movelier;9.4059405941
6719;Pleigne;13.6363636364
6720;Rebeuvelier;2.6785714286
6721;Rossemaison;5.75
6722;Saulcy;3.5
6723;Soulce;1.3605442177
6724;Soyhières;8,0
6725;Undervelier;8.4821428571
6726;Vermes;4.7904191617
6727;Vicques;4.1176470588
6728;Vellerat;6.4102564103
6741;Le Bémont (JU);4.3269230769
6742;Les Bois;4.501607717
6743;Les Breuleux;14.4785276074
6744;La Chaux-des-Breuleux;2.7777777778
6745;Les Enfers;5.4263565891
6748;Les Genevez (JU);11.4551083591
6750;Lajoux (JU);2.8350515464
6751;Montfaucon;6.4971751412
6753;Muriaux;15.9763313609
6754;Le Noirmont;8.8198757764
6757;Saignelégier;6.3002680965
6758;Saint-Brais;2.2346368715
6759;Soubey;7.9545454545
6771;Alle;13.7873754153
6773;Beurnevésin;9.4827586207
6774;Boncourt;5.1569506726
6775;Bonfol;16.1478599222
6776;Bressaucourt;14.1025641026
6778;Bure;24.4680851064
6781;Coeuve;13.1147540984
6782;Cornol;14.8208469055
6783;Courchavon;11.4379084967
6784;Courgenay;17.6119402985
6785;Courtedoux;13.4724857685
6787;Damphreux;12.1428571429
6789;Fahy;13.9423076923
6790;Fontenais;3.3989266547
6792;Grandfontaine;7.1428571429
6793;Lugnez;20.4724409449
6800;Porrentruy;14.5381715363
6803;Rocourt;9.7402597403
6806;Vendlincourt;14.2857142857
6807;Basse-Allaine;16.974595843
6808;Clos du Doubs;7.2354211663
6809;Haute-Ajoie;8.2240762813
6810;La Baroche;14.2503097893
19030;LU-CH de l'étranger;15.24592888
19040;UR-CH de l'étranger;44.8275862069
19120;BS-CH de l'étranger;10.9182935647
19170;SG-CH de l'étranger;12.2023693162
19190;AG-CH de l'étranger;13.6980291577
19200;TG-CH de l'étranger;12.9449838188
19220;VD-CH de l'étranger;12.6381186082
19250;GE-CH de l'étranger;15.2156098768
;;
;;
;;
;;
;;
;;
;;
;;
;;
;;
;;
